"Source:","/home/marcin/Desktop/Projects/Pmod-PDM-microphone-array/pmod_microphone_array_4x1/pmod_microphone_array_4x1.sch"
"Date:","nie, 26 wrz 2021, 13:46:41"
"Tool:","Eeschema 5.1.10-88a1d61d58~88~ubuntu18.04.1"
"Generator:","/usr/share/kicad/plugins/bom_csv_grouped_by_value_with_fp.py"
"Component Count:","15"
"Ref","Qnty","Value","Cmp name","Footprint","Description","Vendor"
"C1, C2, C3, C4, ","4","100n/16V","C","Capacitor_SMD:C_0603_1608Metric","Unpolarized capacitor",""
"D1, ","1","GREEN","LED","LED_SMD:LED_0603_1608Metric","Light emitting diode",""
"J1, ","1","61300611021","61300611021","pmod_microphone_array:61300611021","Wurth Elektronik WR-PHD 6130, 2.54mm Pitch, 6 Way, 1 Row, Right Angle Pin Header, Through Hole",""
"MK1, MK2, MK3, MK4, ","4","IM69D130V01XTSA1","IM69D130V01XTSA1","pmod_microphone_array:IM69D130V01XTSA1","",""
"R1, R2, R3, R4, R5, ","5","100","R","Resistor_SMD:R_0603_1608Metric","Resistor",""
